,BTCUSDT,ETHUSDT
2021-01-01,18276.584724303,2662.227454189932
2021-01-02,19680.527758435597,2849.5125807525524
2021-01-03,19661.407258520332,2653.720997247668
2021-01-04,20389.72696310259,2727.2093120938544
2021-01-05,18866.590143229416,2528.102998820437
2021-01-06,18939.65749824437,2729.3700828633496
2021-01-07,18913.843589592525,2649.9788164183583
2021-01-08,18590.35144775618,2809.0928088870164
2021-01-09,16968.799658301188,2838.7179621366527
2021-01-10,20449.804103898437,3028.6926788666933
2021-01-11,20339.174303835043,2762.9384730252045
2021-01-12,18081.66169436468,2731.66753738792
2021-01-13,19166.677450534917,2716.729214413234
2021-01-14,18879.288593839206,2646.0794873008367
2021-01-15,18935.902550471525,2741.2530880031522
2021-01-16,17554.200466451,2658.956350572012
2021-01-17,19044.86432940985,2723.677930076886
2021-01-18,20260.787651976807,2880.331328663701
2021-01-19,22194.993644636736,2571.195611864303
2021-01-20,20099.660754294244,2861.746852583469
2021-01-21,19852.39416804239,2888.1475467031237
2021-01-22,19247.2389807777,2697.934241339874
2021-01-23,19182.175497514345,2431.0870659796797
2021-01-24,20714.73388438823,2637.0310745711126
2021-01-25,20090.335062034927,2895.7376323686585
2021-01-26,19200.463767794998,2720.598360724142
2021-01-27,18839.460183843235,2591.5176557073078
2021-01-28,19699.671975223406,2660.4929738246474
2021-01-29,19352.07371101148,2844.221080486043
2021-01-30,19887.468705151477,2807.004276667864
2021-01-31,19684.610182659962,2703.3642400307945
2021-02-01,20309.45262880128,2688.404604775116
2021-02-02,18699.869003506497,2687.3128698612586
2021-02-03,21034.261896497133,2617.849880160875
2021-02-04,22710.65601990794,2963.177723555063
2021-02-05,21168.02563710626,2703.388830538395
2021-02-06,20224.232079806807,2913.930390391747
2021-02-07,20893.72078089714,2957.3763160530875
2021-02-08,19045.427309577863,2888.7755924300877
2021-02-09,18493.963076620475,2697.151364378815
2021-02-10,20834.772783146866,2812.50336349224
2021-02-11,19554.83433816938,2756.542750211063
2021-02-12,18770.65952007701,2639.1985507733325
2021-02-13,19245.36671984956,2807.9350653326524
2021-02-14,19012.20606681813,2605.667902060073
2021-02-15,20277.465114672585,2929.2820753248793
2021-02-16,20734.715514753032,2706.5617827633337
2021-02-17,21051.479670897545,2799.022727447221
2021-02-18,21072.011944262373,2812.0828945241433
2021-02-19,20947.671466744323,2740.0856436401405
2021-02-20,20006.874462378863,2857.1050348846175
2021-02-21,19606.563599514982,2714.176856476771
2021-02-22,18740.633471088666,2899.5162917124926
2021-02-23,21342.567700194406,2598.6819001243134
2021-02-24,20085.894763573044,2801.3032179690276
2021-02-25,19866.449940018098,3050.559671508053
2021-02-26,21459.660371384543,2650.5800561575707
2021-02-27,19403.74805447634,2696.1995774914703
2021-02-28,21140.062907040454,2860.722013117078
2021-03-01,20615.275777211216,2816.504883757687
2021-03-02,19296.23064613091,2841.414977432596
2021-03-03,20265.487916358506,2861.8624754874736
2021-03-04,21321.963582283635,2883.2508285482427
2021-03-05,21155.39642420904,2949.803888842846
2021-03-06,21864.377030861036,2855.1896440939995
2021-03-07,20718.41971032261,2767.1477173611734
2021-03-08,23760.59626531106,2893.9059487118247
2021-03-09,19478.374732563865,3063.824564109343
2021-03-10,20008.706043610222,2785.7419919977247
2021-03-11,20355.130912333967,2671.1096258091784
2021-03-12,19003.447668186942,2958.616306977603
2021-03-13,21476.870677767994,2790.805527569028
2021-03-14,21345.83733096342,2509.188946819924
2021-03-15,20466.65819423733,2926.2552698968543
2021-03-16,19918.628670243088,2736.67191922826
2021-03-17,18961.00832829548,2798.9556094567674
2021-03-18,19675.970630421576,2858.1903963730097
2021-03-19,21222.58408462747,2839.578303313442
2021-03-20,20268.258772518704,2912.143858326185
2021-03-21,20058.269311856042,2754.7931239786444
2021-03-22,20998.095690542403,2886.7270569567863
2021-03-23,21665.15946926061,2780.6470787831763
2021-03-24,20763.455348094685,2919.542914061712
2021-03-25,20826.574388410267,2903.207037144717
2021-03-26,21897.740573712646,2689.085131929679
2021-03-27,20696.336471693703,2969.8399444360866
2021-03-28,20211.590348371315,2745.6178484682873
2021-03-29,21207.669181476547,2932.6300230173656
2021-03-30,20272.814331050282,2872.0622055552335
2021-03-31,20164.154678975872,3076.873790792791
2021-04-01,21827.508018696342,2791.064894988289
2021-04-02,20247.63664558588,2774.029361068166
2021-04-03,17858.837005069123,2820.3288595348304
2021-04-04,20899.15363754151,2781.2656896936314
2021-04-05,20151.431708996228,2935.19115652866
2021-04-06,20261.732111664507,2599.1101163243775
2021-04-07,21016.589857605406,2677.73608596501
2021-04-08,20391.10896589875,2676.014437207719
2021-04-09,20779.888717849903,2957.691961867834
2021-04-10,18509.97702434146,3064.111211907503
2021-04-11,19607.326383796197,2811.092880228503
2021-04-12,21994.220370935647,2802.3202426364237
2021-04-13,20549.728238530915,2835.890571552831
2021-04-14,18867.20743457481,2988.712428099265
2021-04-15,19479.337148355033,2696.7446921953956
2021-04-16,19561.28187730947,2859.946449718596
2021-04-17,20677.347908603704,2963.240956135146
2021-04-18,20132.847518925315,2897.0085632757764
2021-04-19,19902.21832348234,2853.479883682351
2021-04-20,20579.056833483573,2967.330552797993
2021-04-21,21063.17547817776,2447.883527108104
2021-04-22,20311.227858598246,2922.2152230101283
2021-04-23,19988.752049665367,2735.2897908588993
2021-04-24,20145.21983544228,2570.0010227292105
2021-04-25,20923.705341728048,2898.978057720707
2021-04-26,20568.537047714337,3020.261476695673
2021-04-27,21361.472187093383,2807.7798937759094
2021-04-28,19398.098860676928,2961.1814739765364
2021-04-29,19780.981446007092,3054.0478828016417
2021-04-30,21367.768558736214,3012.2225701106463
2021-05-01,19752.342348072685,3058.0655022285214
2021-05-02,21994.55664267648,2931.5255280698316
2021-05-03,22016.506358613726,2837.4656491353294
2021-05-04,22003.44805145964,2600.6746529151483
2021-05-05,19667.847136809003,2791.9387195261556
2021-05-06,20651.303109812663,2707.487295095116
2021-05-07,20064.134631968453,3133.3361254846873
2021-05-08,21521.081776362786,2801.5754614716484
2021-05-09,22327.533226974618,2843.791935841058
2021-05-10,21469.737692572515,2904.3322981119904
2021-05-11,20578.75690697496,2832.377507756336
2021-05-12,20191.90088945569,3066.245310470055
2021-05-13,21237.758693503336,2737.807707526852
2021-05-14,19305.755802968706,2853.576422951728
2021-05-15,21120.992628045304,2720.5920903810547
2021-05-16,19621.998251236822,2638.5144353986175
2021-05-17,21207.7196989692,2738.9393402266533
2021-05-18,20399.70631708584,2820.498161027354
2021-05-19,20164.212786936336,2764.7081483853067
2021-05-20,19649.231946000287,2727.238553679255
2021-05-21,20196.134830424755,2625.617738920775
2021-05-22,21141.49422980343,2813.8410023372585
2021-05-23,21647.25146410613,2611.41642144879
2021-05-24,21111.422620658006,2933.965102129933
2021-05-25,21980.566491036676,2837.470220347055
2021-05-26,23201.223886669814,2617.933998696544
2021-05-27,20229.669164002877,2781.7142884358022
2021-05-28,20353.280605464523,2718.550635729453
2021-05-29,19071.261840349336,2871.5665126438307
2021-05-30,21806.60044655131,3017.591592624786
2021-05-31,21921.14178720958,2558.226029248663
2021-06-01,19668.160451704982,2842.822530167073
2021-06-02,21214.854369846682,2803.633502880112
2021-06-03,21840.90458081527,2922.810641705021
2021-06-04,20810.48017677847,2857.462473016302
2021-06-05,21459.84141099892,2719.4422475258816
2021-06-06,20760.531402884946,2781.690001077984
2021-06-07,19310.2799979724,2713.5525860105117
2021-06-08,21677.933305243332,2982.3485692383792
2021-06-09,21968.84156400793,2831.3741876256495
2021-06-10,21354.82256791577,3101.6498439162197
2021-06-11,19592.031255990707,2820.3256733517633
2021-06-12,19807.16275729326,2727.6295845127506
2021-06-13,19413.041497304213,2612.219355163636
2021-06-14,21405.48061218359,2570.940622710461
2021-06-15,21931.44341281654,2602.8241631775995
2021-06-16,21051.43754335718,2869.786848559969
2021-06-17,21596.630049043895,2905.150100537709
2021-06-18,19704.65016658972,2604.561719726619
2021-06-19,20772.17690210825,2962.093973737417
2021-06-20,19185.536812449296,2763.994973929666
2021-06-21,19817.9229267146,2855.527149756426
2021-06-22,21556.98390333608,3067.8183611250665
2021-06-23,20387.055424810424,2965.3174648157296
2021-06-24,21916.526558771802,2797.7230060445404
2021-06-25,21216.364909543398,2708.473272129074
2021-06-26,23535.030396119415,2526.8929356528743
2021-06-27,20761.332371140503,2734.941437641765
2021-06-28,19187.104365692725,2809.3424390029572
2021-06-29,20639.459044146217,2697.848125441649
2021-06-30,19667.179878230734,2822.783893024011
2021-07-01,21721.26913441236,2853.946716431381
2021-07-02,20742.002040513693,2811.223949029806
2021-07-03,20560.48957972172,2750.5835053516853
2021-07-04,20582.351163366508,2870.4997129347266
2021-07-05,21504.454115536642,2911.3461750810757
2021-07-06,20251.853558683142,2689.8807132741063
2021-07-07,21561.40240249602,3054.6675509899937
2021-07-08,21855.117871476254,2836.453752179182
2021-07-09,20395.298501561792,2854.8208881564547
2021-07-10,19786.07242197128,2956.501336331436
2021-07-11,20233.381563997253,2888.723509464111
2021-07-12,21540.364249202343,2995.0346986133363
2021-07-13,20895.80812138102,2899.4364059451427
2021-07-14,21477.170766360603,2769.7234388782617
2021-07-15,22691.469778716335,2913.295450297924
2021-07-16,21075.860597390227,2695.12490765052
2021-07-17,19982.09349353021,2879.514310538244
2021-07-18,21978.140774789386,2860.4142456795576
2021-07-19,20920.277853239633,2836.4929363379956
2021-07-20,21806.491252472846,2849.798442699361
2021-07-21,22025.726768422766,2594.9761722880457
2021-07-22,19881.431496375226,2791.7433494164843
2021-07-23,22389.10913592953,2887.448129955587
2021-07-24,21894.523729446704,2899.093586295797
2021-07-25,20298.631506897626,2726.894208841414
2021-07-26,21281.56896286618,3065.0271885403745
2021-07-27,21245.27323016575,2754.264868273395
2021-07-28,21010.443176293364,3025.5933090419053
2021-07-29,21931.211609759768,2948.020026488828
2021-07-30,22550.94027207002,2792.3747202134628
2021-07-31,21036.857971150785,3150.2964524230815
2021-08-01,22468.529505182716,2715.9381737981817
2021-08-02,22117.694096770192,3028.789097391219
2021-08-03,21324.119907769178,3042.9838983958884
2021-08-04,21279.96239207599,2799.15822366371
2021-08-05,19871.547197932112,3105.234635157798
2021-08-06,19513.801651191978,2865.5005816148805
2021-08-07,21317.135257698825,2947.185152874448
2021-08-08,20237.858982710288,2945.315919305779
2021-08-09,21131.11128602938,2889.4200932369854
2021-08-10,20616.27882724198,3031.301192192572
2021-08-11,19285.420771581175,3031.1750769464898
2021-08-12,21609.890781245365,2657.9865675050264
2021-08-13,20797.251933864896,3111.6389320026346
2021-08-14,21347.48066376885,2675.3636483832393
2021-08-15,20317.32501358933,3076.5261774202854
2021-08-16,20936.64083616278,3093.0354942897648
2021-08-17,22997.742789384465,2767.182271003333
2021-08-18,21472.918372950066,2870.4358349732543
2021-08-19,21945.906725197732,2769.96508386218
2021-08-20,20000.04045341388,2904.587493929676
2021-08-21,23970.613978749938,2893.3645642156553
2021-08-22,23401.415605232247,3057.426141584359
2021-08-23,22902.770688572233,3138.925825317564
2021-08-24,22344.647950819588,3154.358134131521
2021-08-25,21484.354885883964,2866.115978700848
2021-08-26,21966.02234537641,2921.256302442975
2021-08-27,22642.042356222097,2704.628650713664
2021-08-28,20846.183813576004,2837.853658631914
2021-08-29,21065.266540565994,3104.202896584754
2021-08-30,19757.267634720276,3203.953746327855
2021-08-31,20749.85396464838,2782.072834958624
2021-09-01,23410.02669614544,2880.46668681142
2021-09-02,21264.534707136416,2967.644414981445
2021-09-03,21302.46751507742,3016.180357510293
2021-09-04,22013.335619483336,2856.2879355463756
2021-09-05,19935.732267627835,3043.3075056466178
2021-09-06,22737.060484801274,2911.9640166377594
2021-09-07,23107.290183216814,2983.424304598073
2021-09-08,22160.535369390178,3070.1085204392207
2021-09-09,23568.760205388426,2992.1816980922426
2021-09-10,20345.23515853049,2928.714516242365
2021-09-11,23821.123982665784,2980.449340603494
2021-09-12,21035.090120116594,2986.4490113369384
2021-09-13,20456.13092400072,2947.0465577978425
2021-09-14,21613.943579646453,2966.5220880895404
2021-09-15,23937.72988786685,3248.0044892647834
2021-09-16,21892.822704654933,3095.162541506658
2021-09-17,20915.266431649416,2969.40793199649
2021-09-18,20539.040068757266,3121.29194177618
2021-09-19,21860.339771125124,2969.2127350173682
2021-09-20,19812.407662933227,3198.5781846012433
2021-09-21,20592.392044844873,3080.5708381388204
2021-09-22,23726.333775299223,3011.5917411552546
2021-09-23,23506.347512552187,3097.9183803101387
2021-09-24,21935.548359365202,2796.6378077745717
2021-09-25,21585.560984355347,2866.2046019635686
2021-09-26,22180.386614743864,2858.7365630314807
2021-09-27,24713.529064590522,3063.018529358375
2021-09-28,22600.419597796237,3305.596684758551
2021-09-29,23174.789325058864,3383.700303367594
2021-09-30,21972.13834867138,3145.890968326214
2021-10-01,22280.986417057942,3127.858255947954
2021-10-02,22945.224703743294,2782.5643776522793
2021-10-03,22391.084939408345,2975.3718032824354
2021-10-04,20181.92052485506,2940.8523393737405
2021-10-05,23700.70607951522,2968.649137718766
2021-10-06,21630.692316549626,3039.7211636585425
2021-10-07,24655.073491665808,2996.2014487968972
2021-10-08,23103.088319520222,2770.248291059294
2021-10-09,22441.898420995243,3186.136118882993
2021-10-10,22866.58633395195,2912.4681877316084
2021-10-11,22279.492017086908,3113.952375555628
2021-10-12,21879.41574942168,3394.9689362487607
2021-10-13,22663.85243190212,2942.8043737627086
2021-10-14,23430.363302673868,2700.3126668864443
2021-10-15,21954.59737250734,3043.6784874404925
2021-10-16,21796.61139771133,3256.920384422415
2021-10-17,22108.32518611251,3389.7367457724295
2021-10-18,23573.161508832927,2906.831394469801
2021-10-19,24144.59977059727,3171.8703896452475
2021-10-20,22951.96237068855,3027.522251587927
2021-10-21,23211.149971327613,3084.4286423397557
2021-10-22,21882.86417891463,3505.9537659741195
2021-10-23,23570.50959585779,2875.5098725069515
2021-10-24,23224.916705555384,3145.595500330995
2021-10-25,21837.63511134295,3180.31262389745
2021-10-26,20653.81600887604,3276.7609233941735
2021-10-27,21298.017039810533,3127.8338796775924
2021-10-28,21925.007284149124,3161.8869437809367
2021-10-29,23976.98469028144,3056.775690200062
2021-10-30,24426.457246985483,3159.7239495257168
2021-10-31,22220.532223224476,3067.8233426517313
2021-11-01,22268.552237741736,3217.3495885234224
2021-11-02,23027.75569803297,3067.2673159449846
2021-11-03,22762.02358096993,3183.4213760991624
2021-11-04,23799.74380020397,3122.804437936949
2021-11-05,22188.40345110636,3301.696121053161
2021-11-06,23844.58695004426,3122.6463720893216
2021-11-07,22528.311779779404,2859.837252038456
2021-11-08,23761.60681626242,3327.4890612301037
2021-11-09,22514.449985400555,2995.914416601027
2021-11-10,22142.10533969844,3036.0473062552815
2021-11-11,24979.39620099867,3046.3551953444467
2021-11-12,24041.568629339246,3350.8695243650377
2021-11-13,20850.21876150651,2811.8931240072648
2021-11-14,22366.841551192883,3625.2782363346732
2021-11-15,24228.13510719729,3305.980350301222
2021-11-16,21543.13346785701,3178.888737212137
2021-11-17,23759.39565295958,3137.192994870899
2021-11-18,23651.745649309887,3190.8622450315256
2021-11-19,22125.321519272788,3228.349874465777
2021-11-20,22908.62379336773,3248.616587564768
2021-11-21,20576.069859777515,3235.8470820618
2021-11-22,24924.76410616384,3164.851529074045
2021-11-23,22592.395863688485,3121.449844679914
2021-11-24,23851.87548940996,3129.481230681309
2021-11-25,23644.713365995467,3123.6001198286494
2021-11-26,24489.540139554167,3330.138839564734
2021-11-27,22476.910494482076,3247.35019635534
2021-11-28,23200.84647266827,2700.5636677220655
2021-11-29,23607.151551522114,3258.601239583248
2021-11-30,23966.298657327632,3187.8244714547864
2021-12-01,24289.786573560126,3155.385537141577
2021-12-02,22451.55644823772,3098.612422439231
2021-12-03,22244.488073767945,3334.072392410414
2021-12-04,24537.10587735197,3307.275194801678
2021-12-05,20698.869464752606,3040.4822577482723
2021-12-06,24783.4133809381,3224.3871940011218
2021-12-07,22667.802177769227,3010.4150627188064
2021-12-08,23008.02725984649,2947.2936516482255
2021-12-09,22242.937230640488,3064.815083497725
2021-12-10,22964.126932510782,3297.0711937976807
2021-12-11,24462.74706505107,3311.6023508226626
2021-12-12,23898.010070011387,3243.3767397386937
2021-12-13,23584.6623523102,3276.751019464519
2021-12-14,23128.17528918172,3244.452786799465
2021-12-15,21386.664476150414,3064.015483852274
2021-12-16,22070.927212889877,3231.778023160595
2021-12-17,22641.271011574,3289.536761823339
2021-12-18,23553.07681144563,3282.522698219657
2021-12-19,23112.592967200795,3350.6408000825527
2021-12-20,24153.621574452605,3275.635188882708
2021-12-21,23573.887429133894,3219.9072284454564
2021-12-22,23096.720043489855,3332.486356982965
2021-12-23,25628.999853922902,3160.8230987748425
2021-12-24,23498.187965449302,3026.802807104851
2021-12-25,22542.027693541866,3139.3955404559874
2021-12-26,25157.30691201417,3048.103689836334
2021-12-27,24404.696753670094,3058.933194651076
2021-12-28,25107.98728270882,3142.096673714248
2021-12-29,22906.048796010247,3040.2624300332877
2021-12-30,24148.170770993616,3116.1976938877247
2021-12-31,21369.417610053,2866.8693396031845
2022-01-01,23927.129195194855,3197.837249871729
2022-01-02,22848.383019039138,3164.339104542759
2022-01-03,21475.91976827417,3035.415433233728
2022-01-04,24209.415307531086,3267.575993386153
2022-01-05,20950.331061390796,3311.259640044367
2022-01-06,20830.378851588484,2910.14578235009
2022-01-07,23437.829230250798,3042.9859277127393
2022-01-08,23676.120003292872,3041.7054937499915
2022-01-09,24133.04743205645,3014.492635448527
2022-01-10,23869.31674934374,3293.428230187351
2022-01-11,24712.159209415768,3131.6896874657914
2022-01-12,23818.60407641216,3120.271228521552
2022-01-13,22859.72690793399,2845.172775074527
2022-01-14,22925.391974141967,3262.005487469243
2022-01-15,22683.446952200116,2965.3304622016212
2022-01-16,23346.70989121542,3170.546419549352
2022-01-17,21740.582625548675,3204.719662541719
2022-01-18,23395.780587882386,3376.0234920730973
2022-01-19,22901.49140177265,2952.997742080849
2022-01-20,23317.296216973806,2681.566242815041
2022-01-21,23319.28302120194,3189.0022198452853
2022-01-22,20165.16584380035,3445.203452353951
2022-01-23,21953.509157079126,3355.9932835857107
2022-01-24,22867.305217643105,3192.468449775359
2022-01-25,22927.17168332245,3080.9032757919367
2022-01-26,23289.799745072836,3287.014315782565
2022-01-27,23338.258139570124,3003.857497584649
2022-01-28,24741.926887390804,3234.164272349804
2022-01-29,23347.786610048817,3238.663495872582
2022-01-30,22622.382344331447,3326.8289839474533
2022-01-31,21130.999155880145,3597.329507305342
2022-02-01,21396.581592901297,3220.3501682072183
2022-02-02,23603.31191136808,3076.6444372426486
2022-02-03,24211.971710275026,3153.578309472007
2022-02-04,24770.163966875058,2875.4631007971825
2022-02-05,22019.467270448193,3046.6981154191258
2022-02-06,22627.56105310483,3092.176499120887
2022-02-07,23262.07399967945,3073.8061026853534
2022-02-08,25360.828398598103,3181.8357650889757
2022-02-09,23114.347458092132,3026.102339085684
2022-02-10,24786.14956551025,3336.807189192666
2022-02-11,23179.578505108253,3157.6963023435615
2022-02-12,24325.464147085833,3156.277961166544
2022-02-13,24179.387792072757,3105.407434928322
2022-02-14,23178.102543084537,3182.900632418663
2022-02-15,21796.09236068938,3290.41479519039
2022-02-16,22673.473823346423,3019.462110292712
2022-02-17,24726.736565807998,3053.1544138005775
2022-02-18,24015.832432839168,3110.2226218771857
2022-02-19,22486.709729754686,2943.2640823970305
2022-02-20,22595.59783210176,3028.041959077418
2022-02-21,20974.954154094983,3083.4378071187534
2022-02-22,24689.952926853563,3300.79820789485
2022-02-23,24040.614513927787,3202.934050781455
2022-02-24,22846.92339897657,3192.3146076552966
2022-02-25,23245.22047004079,3298.55596493498
2022-02-26,20471.940201303787,3140.085278815315
2022-02-27,22448.410256702173,3225.6152407338896
2022-02-28,24587.37689823816,3146.7142866223194
2022-03-01,24178.716685964308,3206.7259310333066
2022-03-02,23420.41070947843,3070.686859141335
2022-03-03,23020.22914522431,2772.0225773401717
2022-03-04,23978.00627081509,3144.3993687626544
2022-03-05,22717.941840810407,3396.470256048841
2022-03-06,21098.070669120625,3317.2010713067007
2022-03-07,23053.269466766473,3324.440381709632
2022-03-08,23541.138844718505,3369.1421469681636
2022-03-09,24394.72285684117,3184.6404229156688
2022-03-10,21384.31355291769,3203.1843318728415
2022-03-11,22943.327977292676,3072.3386431162735
2022-03-12,23006.944043711246,3122.15613935764
2022-03-13,21805.63880893525,3274.114378944792
2022-03-14,23686.69427505306,3370.551908985395
2022-03-15,24001.70710819792,3154.085199642642
2022-03-16,22785.890421776097,3104.896505916717
2022-03-17,25563.992584735803,3179.2151296398647
2022-03-18,22770.131715261305,3277.967615549122
2022-03-19,22629.178199762344,2947.3509127113543
2022-03-20,22604.623337263005,2810.2016023517745
2022-03-21,22212.786317152662,3095.059532850715
2022-03-22,22526.29081479593,2987.5423340421
2022-03-23,21501.272568497327,3104.8088322005156
2022-03-24,22982.723073825706,3164.91780397321
2022-03-25,23288.937643947087,3116.763856489705
2022-03-26,20527.760296171455,3428.5851225189763
2022-03-27,23123.67810041155,3246.9868311978507
2022-03-28,23306.7490028982,3244.413175519284
2022-03-29,23879.79635894191,3298.5991457672862
2022-03-30,24711.82246281309,3013.2427250829055
2022-03-31,24306.086447116195,3370.2583857894315
2022-04-01,22571.859261408405,3190.2253446810078
2022-04-02,22447.351508483836,3313.9349693130516
2022-04-03,24025.222954914247,3031.323020775528
2022-04-04,22699.761982302072,2954.4676300760493
2022-04-05,21904.099177409666,3344.034113906193
2022-04-06,26205.539166639275,3273.925119860282
2022-04-07,23024.976619125275,3066.8679579233676
2022-04-08,22663.98025817247,3074.2133243532244
2022-04-09,20813.63577384021,3402.9501416872563
2022-04-10,24456.64249815198,3026.0408750999004
2022-04-11,22279.558553743213,3492.241852747178
2022-04-12,23508.25432200709,3077.67973566794
2022-04-13,24646.808421140522,3332.28826960501
2022-04-14,22346.59088757664,3175.99467170631
2022-04-15,23619.53778859085,3331.2527027250635
2022-04-16,25362.843902237884,3145.290382829734
2022-04-17,20622.388928642762,3210.2988392645684
2022-04-18,22607.831382083146,3246.202938625147
2022-04-19,22512.90349991919,3077.1958589204382
2022-04-20,23389.631028723026,3366.283544939091
2022-04-21,23574.52004280661,3162.5388894791736
2022-04-22,22379.044821555162,3211.9061761749476
2022-04-23,22884.95052606943,3088.3868463878866
2022-04-24,22761.140254883332,2832.6437313410433
2022-04-25,23286.605975733502,3225.881400266964
2022-04-26,23988.53231765537,3657.7620995169195
2022-04-27,24839.222106016223,3392.107814619492
2022-04-28,25033.213152954657,3262.237538502358
2022-04-29,24571.039115926378,3224.7539890740495
2022-04-30,22755.526850748814,3274.6083884077584
2022-05-01,23822.080484505233,3364.0511166231327
2022-05-02,26702.110898309507,3081.327344260719
2022-05-03,25087.566359291766,3463.5014550863384
2022-05-04,23357.19463303702,3400.425062185407
2022-05-05,25813.2669508812,3403.7842091785456
2022-05-06,23461.505055868613,3360.397302606638
2022-05-07,23144.422133428412,3293.946875851474
2022-05-08,25653.799010170278,3405.055712963249
2022-05-09,22412.55619628518,3394.5760512361226
2022-05-10,21704.213047423826,3240.7223404015635
2022-05-11,25170.992291537204,3207.214219464538
2022-05-12,24089.604720006253,3322.1908005055943
2022-05-13,24231.50877738811,3565.360976453204
2022-05-14,23662.377390640562,3105.4406958569525
2022-05-15,23832.421892226892,3070.379880979628
2022-05-16,23588.312930819236,3344.5218134929223
2022-05-17,23406.629223692064,3328.5794616827716
2022-05-18,23723.498354337105,3351.9325221752592
2022-05-19,23706.853336900334,3366.679322015748
2022-05-20,23225.487502726683,3291.924471890069
2022-05-21,23590.332511804318,3580.1600114636285
2022-05-22,21238.38788335441,3068.3683253442914
2022-05-23,25124.98577467176,3199.9757106040324
2022-05-24,24789.85154033928,3323.8207269901013
2022-05-25,24234.97445625263,3069.9591077440496
2022-05-26,24647.940381948887,3317.6598302755965
2022-05-27,24713.759302557493,3627.3092227150087
2022-05-28,23523.11802235901,3356.436151022258
2022-05-29,23777.070276984974,3394.451004649322
2022-05-30,25088.694994715966,3148.270494248813
2022-05-31,24720.035155886486,3258.76764690676
2022-06-01,26976.1936076962,3301.998517891943
2022-06-02,26482.50262271691,3314.5168555830064
2022-06-03,25668.049794132647,3585.117285329004
2022-06-04,23624.187548425794,3466.8765168911887
2022-06-05,23885.228732843545,3190.1886304500053
2022-06-06,23372.254613692276,3420.55920351924
2022-06-07,24956.577044144185,3465.6318200472388
2022-06-08,21290.121169957652,3576.1658733206523
2022-06-09,24096.379392175015,3652.9530958347427
2022-06-10,24302.120744357988,3220.1834938976467
2022-06-11,22834.21644841953,3257.19321444605
2022-06-12,25692.471721884653,3184.859865868946
2022-06-13,23343.85333559562,3359.524783341691
2022-06-14,25084.49023834383,3479.97173179545
2022-06-15,28183.966961999915,3570.316227773312
2022-06-16,22823.21729734426,3394.155829272496
2022-06-17,24633.213393794824,3355.744626866877
2022-06-18,24334.914692860984,3437.75252022707
2022-06-19,24115.124332265208,3274.113736551377
2022-06-20,25804.214421286,3769.4749832797065
2022-06-21,26247.665185025096,3148.8728889104104
2022-06-22,25855.642808601115,3453.557979910894
2022-06-23,24038.347696801236,3766.290666857542
2022-06-24,27934.091824172192,3428.4750076317
2022-06-25,22786.523672886047,3397.6559208691283
2022-06-26,23709.816235826725,3371.75020980771
2022-06-27,25205.15001055607,3403.9964087264825
2022-06-28,25123.26412148419,3668.872164235089
2022-06-29,25630.59660875329,3065.026852449027
2022-06-30,26991.895922644446,3700.755999384274
2022-07-01,24914.76114474842,3202.5461774015016
2022-07-02,25218.392258956057,3400.57597766578
2022-07-03,24360.947089554447,3375.1607793314524
2022-07-04,25834.708388501967,3549.6985332876284
2022-07-05,24731.29780286488,3181.138076914638
2022-07-06,24745.204532535026,3532.443346741106
2022-07-07,25824.513353578524,3799.4739911718857
2022-07-08,26445.999554868064,3226.6677298989634
2022-07-09,22453.165526055644,3492.1351421654845
2022-07-10,25641.235513248677,3349.3676343549773
2022-07-11,24874.472947731778,3535.9983022120045
2022-07-12,26393.9711891716,3468.684091361634
2022-07-13,24924.878998843385,3358.1019276730353
2022-07-14,26857.6896422123,3551.886869391201
2022-07-15,24421.27615757288,3777.6236118515167
2022-07-16,22507.44191668882,3439.695630002655
2022-07-17,26585.9473362291,3596.365207498866
2022-07-18,24247.720344112207,3254.9872289737664
2022-07-19,23344.379381936786,3313.8165982078685
2022-07-20,25335.233035468784,3558.845290408911
2022-07-21,25028.712667290394,3732.869086403998
2022-07-22,26357.918374973935,3541.77531084476
2022-07-23,26454.139435119705,3428.9860797423516
2022-07-24,25473.636993124823,3483.5990703439516
2022-07-25,24263.70969977009,3271.3488110387557
2022-07-26,25729.594686956916,3589.493798187972
2022-07-27,25586.715436342725,3638.1986903183747
2022-07-28,26097.563980537725,3411.1393902834484
2022-07-29,24307.764160271196,3409.118100167477
2022-07-30,24905.95465208208,3536.0953144194564
2022-07-31,26046.833909778066,3416.796390163366
2022-08-01,26974.089379450794,3481.2058895675227
2022-08-02,26630.35009384689,3853.2834488130475
2022-08-03,25534.31514090801,3451.9693383517
2022-08-04,24829.591924321954,3433.692238691016
2022-08-05,25947.979470371505,3384.8389480801065
2022-08-06,24085.806238607467,3624.4206273829127
2022-08-07,24433.336951901212,3466.279954244508
2022-08-08,27346.670227557548,3386.5220503880605
2022-08-09,25966.587551667948,3725.746271956723
2022-08-10,25033.275372092492,3743.322579607936
2022-08-11,26509.861835720814,3396.582099467223
2022-08-12,27087.25970468201,3179.2359048573576
2022-08-13,24922.34807007,3674.2245619777464
2022-08-14,24946.91548681501,3383.392603988753
2022-08-15,24792.64168434638,3637.842945769867
2022-08-16,26696.783379054647,3162.5774972741547
2022-08-17,26711.8313472551,3656.2210708545526
2022-08-18,27231.94883013371,3293.8088311952993
2022-08-19,26760.821383401468,3628.979292467658
2022-08-20,23446.15807261618,3505.610563671991
2022-08-21,25850.616780462147,3338.6573296973115
2022-08-22,24168.444777556153,3433.20730617501
2022-08-23,24854.769809416797,3622.208239286326
2022-08-24,25715.03628392566,3522.0352222333267
2022-08-25,26552.416981760118,3604.84807422908
2022-08-26,24379.771485564597,3845.703339719626
2022-08-27,22573.65100721723,3233.184012976475
2022-08-28,25728.63158917355,3783.7772144924024
2022-08-29,28832.641265615042,3521.8625794152586
2022-08-30,25244.60832156987,3348.0210235872846
2022-08-31,25558.838277761108,3273.081286986347
2022-09-01,27747.489985075048,3470.71837232508
2022-09-02,26242.82732953636,3663.207241202559
2022-09-03,25770.37460363917,3481.0658150976087
2022-09-04,26053.66014146893,3765.2936368922724
2022-09-05,25809.879964064712,3250.82613943401
2022-09-06,24051.098878532546,3500.469583737765
2022-09-07,23793.667937278602,3284.6979147831253
2022-09-08,27875.38961086038,3565.2666193211276
2022-09-09,25718.90878489315,3656.001473782499
2022-09-10,25610.734728637995,3428.275493636352
2022-09-11,25367.43068797693,3047.9428667370876
2022-09-12,26469.027117394064,3535.4680257771397
2022-09-13,28694.8553656531,3576.5549485156125
2022-09-14,26138.684166631385,3570.5782137761034
2022-09-15,24725.6063632278,3715.167666613965
2022-09-16,25299.61462751526,3312.6458719236457
2022-09-17,26825.773438252316,3617.667529182103
2022-09-18,24723.11826255252,3706.7157805864535
2022-09-19,26543.157697586088,3187.7521052807506
2022-09-20,22507.86084723085,3553.6472648524186
2022-09-21,25162.208860964725,3409.3403815553493
2022-09-22,26250.4573922441,3482.7609362376784
2022-09-23,27064.63158391323,3557.3790105062017
2022-09-24,24403.632257253903,3410.9657788903646
2022-09-25,23528.846349125048,3377.5416561212055
2022-09-26,25107.298220413297,3501.329022894139
2022-09-27,24002.254556732423,3304.5672520055814
2022-09-28,25243.46775419576,3304.334788731488
2022-09-29,25422.03354160021,3613.170880664282
2022-09-30,23744.62909731317,3292.3475516928756
2022-10-01,26451.446950320194,3610.1775534399676
2022-10-02,25221.20725093444,3574.097265513351
2022-10-03,26799.21641211052,3189.6984557759674
2022-10-04,23059.18361287041,3373.2458497680573
2022-10-05,24113.695424769718,3701.560408122441
2022-10-06,26072.0545985181,3319.111085603343
2022-10-07,24386.734589879507,3409.5385592269463
2022-10-08,25196.074659877344,3572.0853896610042
2022-10-09,25405.30292295108,3628.3308189279187
2022-10-10,25604.973111581367,3445.987645761631
2022-10-11,24532.267002829096,3384.7984039748385
2022-10-12,25589.794245621077,3740.190280935329
2022-10-13,24393.44932299366,3795.8086032535944
2022-10-14,26259.9983087356,3661.7692200904817
2022-10-15,25246.402109620078,3504.114843059132
2022-10-16,25591.48892802776,3346.355643780058
2022-10-17,28691.27168549823,3342.2381059741715
2022-10-18,23968.36850649762,3580.841428842672
2022-10-19,27174.051641762773,3562.3908884252533
2022-10-20,21970.59245716596,3735.998724527934
2022-10-21,22716.051657368942,3603.3197067629385
2022-10-22,23792.58381023904,3222.6865010618367
2022-10-23,23873.236072172243,3674.381170215246
2022-10-24,25651.135718596288,3311.8574453153824
2022-10-25,25762.63392013647,3420.5215115397627
2022-10-26,25061.71616369748,3532.852800494604
2022-10-27,25197.76116243511,3842.0990283619776
2022-10-28,26072.5562218864,4039.7854801105223
2022-10-29,26468.188382743938,3596.5587829796978
2022-10-30,23683.421634793445,3456.7784215818083
2022-10-31,24929.834208774795,3584.312873499879
2022-11-01,25309.23813919468,3647.298045484793
2022-11-02,26028.411463710043,3433.222014811875
2022-11-03,24405.660787596145,3809.2511265649355
2022-11-04,25291.73423061357,3531.7695754692936
2022-11-05,25449.04978743315,3579.7867070284497
2022-11-06,24502.36988368895,3610.192576579184
2022-11-07,24474.92819774538,3567.304975238429
2022-11-08,25549.400106192832,3642.1308693107503
2022-11-09,25257.072149678,3383.6465979844797
2022-11-10,26078.96049757161,3394.7359521658555
2022-11-11,24070.28022769509,3298.878483917971
2022-11-12,24985.966394469677,3573.818060357083
2022-11-13,25148.87549950787,3635.100691149902
2022-11-14,26508.078626132345,3578.694570497691
2022-11-15,24237.44238816591,3796.5740360031878
2022-11-16,25769.31936937021,3497.811162545569
2022-11-17,25799.71237363138,3619.0996885552704
2022-11-18,27617.974392629636,3305.7853754337943
2022-11-19,24176.62697733248,3432.583718313297
2022-11-20,24638.834371849985,3627.068986815186
2022-11-21,24282.117250362662,3655.668644709857
2022-11-22,23336.801194738047,3452.471093113589
2022-11-23,27816.126731558044,3493.4215922032427
2022-11-24,23910.655332296003,3235.840487497299
2022-11-25,24473.365122391584,3444.8319466135686
2022-11-26,27261.533113561025,3669.5251784230195
2022-11-27,23270.719203482586,3614.489731677744
2022-11-28,26553.392205429736,3602.5835373202985
2022-11-29,23733.687078709307,3523.2381045956804
2022-11-30,27215.739343012,3517.084590714314
2022-12-01,22766.220650171486,3398.8930139420204
2022-12-02,23320.7083912504,3644.3854049392967
2022-12-03,24911.06814127024,3596.1792750865393
2022-12-04,26905.812009311332,3610.648481790131
2022-12-05,25607.450560973717,3429.478910359297
2022-12-06,25221.61008213195,3138.704803937688
2022-12-07,27435.564949574356,3724.8618579269
2022-12-08,28509.105169728286,3443.296962913609
2022-12-09,26581.725203920527,3376.0731028969503
2022-12-10,24899.360322088363,3658.1041609470444
2022-12-11,25181.78601687065,3464.6552310548277
2022-12-12,24055.22883868929,3728.2179871835265
2022-12-13,25891.81177719325,3650.530911486135
2022-12-14,23636.71997325719,3664.6778002514466
2022-12-15,26514.89085665025,3297.2434540206646
2022-12-16,28439.88582635888,3764.4272567814737
2022-12-17,26765.228159941074,3595.152348315895
2022-12-18,25222.64474798952,3483.59487536874
2022-12-19,26548.550893047344,3578.467666152843
2022-12-20,28003.923211848432,3233.981513847472
2022-12-21,27956.19165841528,3631.1516124011837
2022-12-22,24586.89459655886,3373.580948670453
2022-12-23,26597.426055407053,3317.4854991125885
2022-12-24,25735.53121949476,3289.1773826009085
2022-12-25,27024.708960174627,3768.5720875970246
2022-12-26,26486.247197386037,3455.7709460847645
2022-12-27,22875.306951142684,3850.1317925315993
2022-12-28,25559.60279238283,3477.831857687392
2022-12-29,26299.85675442284,3268.070940242151
2022-12-30,24164.283502342212,3377.784483391033
2022-12-31,26844.29283107246,3807.1621364826583
2023-01-01,24084.18434497545,3557.4225122972584
2023-01-02,25062.305090923834,3488.946571875898
2023-01-03,27910.54616169076,3620.3432757870187
2023-01-04,24989.608691670346,3685.2687270477873
2023-01-05,26938.140935656982,3800.0358888421797
2023-01-06,23879.47972248623,3863.1819031082537
2023-01-07,28975.999913050644,3537.2957051986396
2023-01-08,25838.917555876225,3364.3855165746763
2023-01-09,26389.89272491966,3533.3385095820477
2023-01-10,26522.44586100517,3658.9473128316968
2023-01-11,27112.325002504287,3438.999124115111
2023-01-12,24314.132179234737,3443.141421520167
2023-01-13,26343.660073741252,3683.2264787363465
2023-01-14,25498.592975341413,3614.7280777718656
2023-01-15,24152.037824306797,3632.6344076776586
2023-01-16,27728.34250251673,3491.3131993031507
2023-01-17,25971.92579442068,3590.7423856474466
2023-01-18,26784.634021753354,3467.121421606229
2023-01-19,26724.019855424096,3801.6137551018837
2023-01-20,26062.23064386328,3831.2945199257424
2023-01-21,29158.05967848811,3307.741267486763
2023-01-22,26490.210213131966,3478.3864570166966
2023-01-23,24501.630077420632,3377.7336774913256
2023-01-24,26065.573670710455,3535.6949493721854
2023-01-25,27287.63826787238,3642.5279049013416
2023-01-26,27354.626211884264,3395.4696955747236
2023-01-27,25217.267236402906,3495.222397817043
2023-01-28,27930.483475688827,3483.2720695436724
2023-01-29,24361.36923748763,3708.426862887926
2023-01-30,28263.860816184784,3686.3012538743146
2023-01-31,24997.833006436835,3544.3191692700207
2023-02-01,26480.299336268083,3712.3418751253503
2023-02-02,28227.990744563387,3582.662339258302
2023-02-03,26988.168173086,3636.281317530284
2023-02-04,27943.231060694823,3996.7868284250967
2023-02-05,27701.46234657584,3938.819867846212
2023-02-06,28617.861062768337,3456.601399774648
2023-02-07,28341.154435176377,3851.2822089621172
2023-02-08,26334.055918755883,3851.060365411605
2023-02-09,27812.092036442282,3493.4847638399297
2023-02-10,24940.688529261362,3858.6833276816383
2023-02-11,26931.128262509854,3994.2648518311944
2023-02-12,28128.584676128008,3507.1645284479423
2023-02-13,27232.479880363968,3547.911294032157
2023-02-14,27674.22739915913,3907.705980201416
2023-02-15,26810.21090797028,3773.117858355531
2023-02-16,28634.561566813285,3827.7709676173245
2023-02-17,27031.56557807151,3791.825500619734
2023-02-18,26535.3261634974,3804.027407519946
2023-02-19,28373.969167508265,3489.7364683740925
2023-02-20,25313.05786755554,3931.2066088185006
2023-02-21,27897.90038199078,3956.7351479571666
2023-02-22,25841.212450580057,3700.922826211645
2023-02-23,28985.416564803327,3738.1039934287105
2023-02-24,26933.362947828296,3465.564535811048
2023-02-25,27486.815439039587,3846.8736868016354
2023-02-26,27880.809945926558,3860.3295284840337
2023-02-27,24742.303389396133,3745.5489181485573
2023-02-28,26486.028650371907,3968.1054393224
2023-03-01,28790.78058929002,3700.411151622794
2023-03-02,28572.861195131034,3869.65399123529
2023-03-03,27802.311156892258,3578.3146855536784
2023-03-04,25615.623891811778,3765.645946139386
2023-03-05,28247.762684211364,3740.132317473422
2023-03-06,28438.76802246759,3816.8012915654513
2023-03-07,27555.563907795015,3708.71097172372
2023-03-08,29163.910045318742,3755.308776777958
2023-03-09,26601.46560068872,3935.6711254283546
2023-03-10,26852.840105405034,3703.1458095230228
2023-03-11,24194.85388323096,3487.71689810708
2023-03-12,28821.71127017122,4114.514344477614
2023-03-13,28016.84193837708,4048.265641146632
2023-03-14,25327.130926444894,3552.4802237194963
2023-03-15,25237.456884743868,3923.7916326463555
2023-03-16,26453.47177712644,3703.580387315602
2023-03-17,28728.999505765318,3848.4756883422033
2023-03-18,27258.500685205407,3856.1954384680744
2023-03-19,26587.327245490666,3759.499826965518
2023-03-20,26327.116822805096,3658.821236515546
2023-03-21,26279.12146071814,3678.0139429591113
2023-03-22,25091.528075462116,3637.6099434372636
2023-03-23,26091.050672460333,3655.061941913723
2023-03-24,26288.992501002627,3799.6423281302355
2023-03-25,28686.57210895443,3680.0131292542924
2023-03-26,27543.648458650157,3943.0527420151748
2023-03-27,26656.271879981658,4095.336999142198
2023-03-28,30938.511163495597,3709.968233272935
2023-03-29,26897.606018066446,3864.854178370466
2023-03-30,29404.013518967004,3915.0536142648816
2023-03-31,30033.819859855208,3911.2786290024424
2023-04-01,25690.57315531166,3838.3998111837627
2023-04-02,27942.85453557507,3964.7200265435013
2023-04-03,27144.33156764855,3917.153426076919
2023-04-04,27041.59972692617,3595.62076162851
2023-04-05,28626.756505427293,3992.189283534369
2023-04-06,27024.639468356614,3996.7524936858094
2023-04-07,27205.51171562472,3687.789433641952
2023-04-08,27661.0204187669,3839.316241913392
2023-04-09,27387.060663640863,3961.6082189424224
2023-04-10,26298.34532562862,3794.7000743263043
2023-04-11,29000.688971093503,4036.786714462004
2023-04-12,29353.085605467353,4280.61737722795
2023-04-13,28393.424988494113,3688.5684895739505
2023-04-14,27411.841832008,3577.1866993624917
2023-04-15,26966.05063933701,3895.1973493344053
2023-04-16,26972.591720127344,3974.59021667728
2023-04-17,31176.59582920129,3795.684980074355
2023-04-18,29233.38334749012,4113.838199793444
2023-04-19,26796.367647923882,3587.7468744408966
2023-04-20,28179.553925424803,3971.527084160867
2023-04-21,27458.345502526598,3726.809037018166
2023-04-22,28761.758865828462,4166.2945950007515
2023-04-23,28709.173036023523,4218.360468258227
2023-04-24,29454.598601127065,3697.3494895947783
2023-04-25,26795.75225524609,3738.6123746957887
2023-04-26,28111.928265851417,4005.307111195005
2023-04-27,25561.54590911136,3769.692379562667
2023-04-28,26238.42323826806,3834.493890185733
2023-04-29,29189.35803405257,3848.013034909444
2023-04-30,26661.354065602918,3479.725884174309
2023-05-01,26812.598589737077,3840.713638199478
2023-05-02,27960.766038684967,3712.629564317755
2023-05-03,28930.67826327969,3749.835685521697
2023-05-04,26507.351611996175,4117.0607846010225
2023-05-05,23164.69739221305,3604.798852763529
2023-05-06,26768.107204857173,3997.400674151387
2023-05-07,29634.94373122201,3789.954342132844
2023-05-08,28442.047655417085,3789.605974789391
2023-05-09,29796.80859266069,3992.690522109248
2023-05-10,26398.98579965335,3906.923716994562
2023-05-11,25694.19559923445,3950.5189744601294
2023-05-12,28600.792207091712,4025.881977994425
2023-05-13,28290.619990621475,3778.4031173018175
2023-05-14,28379.062807922815,3724.5793626117293
2023-05-15,29246.00737859433,3634.1443534864256
2023-05-16,28534.950724417416,3683.1596827262783
2023-05-17,28509.95669800325,4401.814445444148
2023-05-18,28936.241456679836,4076.7549817606014
2023-05-19,28638.4061436768,3581.5158233724314
2023-05-20,29128.125733443292,3586.426955377213
2023-05-21,29334.871052612027,3930.1017518874323
2023-05-22,30058.49750382098,3942.126839919044
2023-05-23,27025.233459446492,3941.9698818066286
2023-05-24,28591.51491692638,3787.971057137338
2023-05-25,27404.775002055332,3812.168038431264
2023-05-26,26756.33864066554,3898.2611012719362
2023-05-27,26952.34377396563,3851.471708360704
2023-05-28,28596.694491888404,3410.055266601547
2023-05-29,28486.03302748971,3789.9670481254143
2023-05-30,28457.24238840835,3670.4181310667173
2023-05-31,27580.828114037104,3866.331893180041
2023-06-01,27895.886679538675,4403.932015327037
2023-06-02,29027.13276737876,3902.032446257311
2023-06-03,25805.22127051532,3770.9607733697976
2023-06-04,27912.81891189088,4007.1889563466507
2023-06-05,27999.769231766044,3922.455874909878
2023-06-06,28921.82232296159,3909.901075382126
2023-06-07,25979.834210147477,3945.1950105108494
2023-06-08,29950.733728082927,4222.977441606073
2023-06-09,28156.149494130615,3610.4133348870932
2023-06-10,28226.229793075487,3918.030205186918
2023-06-11,27288.08373037198,3648.4579795929053
2023-06-12,28598.35393346166,3932.744744035363
2023-06-13,27908.826923734836,3648.744779296826
2023-06-14,29530.694517210628,3744.6092123523053
2023-06-15,25815.25401239743,3767.6079853996534
2023-06-16,28076.646723233578,4011.762167815405
2023-06-17,28399.793474197864,4000.304256008415
2023-06-18,27562.565206559935,3582.988461550316
2023-06-19,27253.083508951095,3833.1138512586167
2023-06-20,27308.32197795174,3685.3121115175545
2023-06-21,28059.740933691475,3579.0034722112114
2023-06-22,25270.615360596257,3779.4506824344276
2023-06-23,29164.57163919524,3761.4236198170934
2023-06-24,27132.156080166496,4289.07779832054
2023-06-25,27984.06621422245,3903.9088662251743
2023-06-26,28318.461280988224,3553.8858162639535
2023-06-27,27060.89482088962,3710.6066874467247
2023-06-28,27614.32136232715,4016.951769165609
2023-06-29,24932.746153758424,4223.154471908116
2023-06-30,28826.59847676045,3512.321772116116
2023-07-01,29315.89603887937,3455.1856406367656
2023-07-02,25397.422161076083,4181.022371796207
2023-07-03,27220.35629095207,3894.2068808079234
2023-07-04,26058.94007889777,3650.510177268223
2023-07-05,27542.017384892584,3922.282326603925
2023-07-06,28707.872955434854,3307.7796842838143
2023-07-07,29186.498452722368,3819.4000357633527
2023-07-08,29377.53365693076,3882.418697532219
2023-07-09,29645.435457620457,3998.2971890972262
2023-07-10,27481.571223506828,3622.304732202248
2023-07-11,26176.31773314754,3835.9449863547475
2023-07-12,27636.939470236015,3639.7881526907645
2023-07-13,28696.500698313994,3869.442112431494
2023-07-14,26067.08884878133,3646.104431985613
2023-07-15,30155.196746810056,3741.1427941474235
2023-07-16,29079.84531852491,3627.2011589244103
2023-07-17,27519.45969940534,3948.029238381054
2023-07-18,26808.492576970773,3988.909336780112
2023-07-19,26871.161420334713,3776.6677332755307
2023-07-20,27928.72401404881,3830.3702759737566
2023-07-21,27502.720685067907,3541.298249591112
2023-07-22,29181.16950161274,3765.7939918364623
2023-07-23,27351.311122789928,3815.122101300271
2023-07-24,28561.04954155117,4336.819318095927
2023-07-25,27808.239702238585,3609.5148940937825
2023-07-26,28238.534601190728,4113.076996403881
2023-07-27,27535.083942910518,4022.8301862743447
2023-07-28,28874.80898604432,3883.956614872228
2023-07-29,28903.428180705516,4173.718789432919
2023-07-30,28537.783781121507,3903.8960530293393
2023-07-31,28755.899328868043,3908.3396671748073
2023-08-01,26555.529865270906,3823.0019215489892
2023-08-02,28368.574336800353,4073.946878996033
2023-08-03,29696.560082848308,4050.3844080701356
2023-08-04,28626.741464417093,3714.5922445267793
2023-08-05,26467.144675157884,3580.0520268983832
2023-08-06,27875.293435220206,3800.019574408833
2023-08-07,28491.441503163507,3684.4260179304733
2023-08-08,26886.71485122471,3830.2289786446086
2023-08-09,26039.835069943227,4086.8679043512984
2023-08-10,27538.548843728542,3756.066546948967
2023-08-11,26943.568145469246,3838.9901860112946
2023-08-12,27993.353786928274,3860.4508365032675
2023-08-13,25751.850128254795,4017.380711740407
2023-08-14,28846.418966394784,3411.1737184541807
2023-08-15,27144.688099424984,3735.1335180007964
2023-08-16,29490.345928794424,3897.74028992886
2023-08-17,27683.385752220674,4094.0901464535063
2023-08-18,28057.52118270757,3763.309255412282
2023-08-19,27860.614010930716,3492.822318958196
2023-08-20,27137.460982117624,3986.089456090852
2023-08-21,31681.408781992002,3741.097502333683
2023-08-22,27443.209370483575,3634.011621378019
2023-08-23,29637.665571875612,3747.499313949323
2023-08-24,26617.294111919342,3836.370209111222
2023-08-25,28736.616403675416,3755.773250273157
2023-08-26,28906.84017302558,3442.3111761597957
2023-08-27,28201.84719446821,4056.662474457045
2023-08-28,27433.78743220748,4133.683891889595
2023-08-29,27893.362910508848,4013.136135359079
2023-08-30,27710.077167615822,3662.2924402332787
2023-08-31,31761.93497761073,3849.6927915247475
2023-09-01,28294.18603724943,3890.768220429636
2023-09-02,29100.825137706892,4013.0322234756723
2023-09-03,30929.112290205914,4029.458669610339
2023-09-04,27122.436218467687,3754.713375981839
2023-09-05,28458.11746008596,3918.887775513692
2023-09-06,28035.98590815664,3995.927126519923
2023-09-07,28319.88019170244,4196.474161197311
2023-09-08,28206.384162962982,4050.547618900221
2023-09-09,27429.6166608551,4070.1911753331083
2023-09-10,28788.000297939943,3933.320385135285
2023-09-11,26993.614463115435,4199.295821936508
2023-09-12,29976.21833024129,4003.823985309299
2023-09-13,29470.312103591983,3754.64168060506
2023-09-14,27879.02574504877,4207.059049734228
2023-09-15,27970.8130369033,4070.0920162743328
2023-09-16,29034.31888732341,3846.5584475747605
2023-09-17,27503.580537831534,3842.3555372026212
2023-09-18,31302.079157242308,3999.6681272213796
2023-09-19,29221.493788298023,4035.92940456868
2023-09-20,29295.648867010295,3986.2124703131226
2023-09-21,29736.117891394166,4012.067388638458
2023-09-22,27933.09934568281,4291.642644466905
2023-09-23,30373.713440886222,4169.837213552924
2023-09-24,28985.11086888366,3997.6787710028684
2023-09-25,30220.27960965627,4150.472959982918
2023-09-26,28579.056313887537,3760.407041430098
2023-09-27,30801.182027744526,4048.7674434791743
2023-09-28,29496.184403262658,4333.526972573731
2023-09-29,32106.348617218646,3932.485715485514
2023-09-30,28424.76931125602,3810.1205847381234
2023-10-01,29282.65155438065,3852.397634617034
2023-10-02,27510.25793209375,3768.285664966472
2023-10-03,28264.098884598447,3832.425130472475
2023-10-04,29957.538267336327,3918.467492411252
2023-10-05,30724.89008773169,3714.8643240746574
2023-10-06,33421.104263229376,4002.2702332949466
2023-10-07,28989.63104192673,4182.948371391909
2023-10-08,27795.48321398153,3824.1624941376344
2023-10-09,30276.095200957723,4313.21382679727
2023-10-10,27559.33555488411,4114.712025368531
2023-10-11,30049.554275058807,4222.171373329394
2023-10-12,28518.706409892147,3887.2676326254555
2023-10-13,29583.813833845496,4193.641215305626
2023-10-14,30891.198697697113,3806.752810220664
2023-10-15,29161.48350603542,4207.508053008903
2023-10-16,30709.12879093653,4066.7190375748555
2023-10-17,30646.145223588243,4146.544816566805
2023-10-18,26670.49580458575,3802.7641446718703
2023-10-19,28100.32389671717,3862.2650694152535
2023-10-20,27158.11532791281,4165.219374503458
2023-10-21,32392.651570745405,3857.881767080911
2023-10-22,29334.054301005628,4144.766882817545
2023-10-23,32117.674385097333,3779.9164228127356
2023-10-24,27143.70048059943,4228.6028282348325
2023-10-25,28718.386707869424,3813.1185356929145
2023-10-26,30752.601825677964,4175.414528001718
2023-10-27,29865.123327858873,4193.310357408853
2023-10-28,30405.8903277753,3930.063616355692
2023-10-29,27808.279182608865,4190.722446291437
2023-10-30,31688.53200055029,4128.963667012785
2023-10-31,30830.842754787875,3970.8215221008627
2023-11-01,30301.756583615905,3879.0147455138613
2023-11-02,28726.843529116883,3689.3959721606166
2023-11-03,30230.32162218988,4158.829858794789
2023-11-04,29347.318162857846,3775.226226703699
2023-11-05,27370.363497185237,4113.232053494911
2023-11-06,29742.582959272095,4043.5631301596795
2023-11-07,29606.38613397183,4236.801883126452
2023-11-08,31419.912291125616,4041.2369231057173
2023-11-09,26587.969872653637,4038.377803305977
2023-11-10,30242.167225277593,4255.709003236228
2023-11-11,28213.19011912213,4178.090102641177
2023-11-12,30404.14741038271,4176.875443422762
2023-11-13,30503.996382648565,4210.4488734958395
2023-11-14,29842.665277700813,3806.9097378722417
2023-11-15,31179.139439819188,4273.746357317278
2023-11-16,28168.642663733906,4246.972771903125
2023-11-17,31658.26261965684,3919.0890013543235
2023-11-18,28995.525216073715,4078.059400301691
2023-11-19,27760.025013390765,4121.886329989215
2023-11-20,29671.509409635022,4104.8191472985745
2023-11-21,26994.214873204102,4202.102883382971
2023-11-22,30481.365055762282,4427.172281292608
2023-11-23,29737.787944692776,4358.364463045151
2023-11-24,31960.808760009506,3874.0144780803353
2023-11-25,31110.982917240606,4269.1557975047135
2023-11-26,28105.16137227315,4414.912692052023
2023-11-27,28938.122593832984,4225.28824953602
2023-11-28,30964.08660055869,4370.479573842681
2023-11-29,31461.229973536847,4559.909559338808
2023-11-30,32030.956890662674,4360.541557432772
2023-12-01,32032.31601330056,4204.612855613531
2023-12-02,30111.43039280497,4368.450316082068
2023-12-03,30794.023072245243,4186.680930706863
2023-12-04,32194.73057375779,4163.6078008745135
2023-12-05,29828.544923472477,4088.598212991321
2023-12-06,30853.37193882038,4480.706088315312
2023-12-07,29814.454481740293,3996.158661678805
2023-12-08,29491.434742690628,4477.389753443364
2023-12-09,30391.62379084293,4267.972931038251
2023-12-10,29306.81833465486,3881.3268862232653
2023-12-11,30143.268245248706,4243.531006047773
2023-12-12,28806.823510611943,3740.3132195847625
2023-12-13,30072.003900737418,4298.612217052916
2023-12-14,31030.10651874047,4352.8557350497495
2023-12-15,29493.293934366513,4051.6110235309534
2023-12-16,30391.010604025247,4199.076926555334
2023-12-17,30591.548902652394,4574.816771002201
2023-12-18,31064.844647197762,4072.0097042029465
2023-12-19,30197.118422463453,3959.472845985935
2023-12-20,32021.624493815965,4480.851739380972
2023-12-21,27272.52506969134,4580.272122748696
2023-12-22,34796.96641286062,4179.3602565386345
2023-12-23,29116.148541490977,4386.7271845008045
2023-12-24,31023.504383483607,4455.0988747215
2023-12-25,29022.846124858374,4027.9376835848534
2023-12-26,31391.335564140147,4081.1860822975764
2023-12-27,30845.159997173072,4434.113244832923
2023-12-28,29461.457419417537,4527.904979470879
2023-12-29,32042.403224437636,4297.722384158003
2023-12-30,30193.9883437115,4001.4356861753013
2023-12-31,31260.377774774035,4591.2804862760295
2024-01-01,29069.471480572778,4073.568110067976
2024-01-02,30397.825654438453,4114.010867936532
2024-01-03,33446.886062548925,4253.5948379680185
2024-01-04,31889.047749373127,4503.270755522239
2024-01-05,30907.293592726543,4359.180848330651
2024-01-06,29772.836909260914,4268.758075306919
2024-01-07,30547.18537067077,4278.737565053791
2024-01-08,30741.922841412557,4192.13999465208
2024-01-09,31119.058897947725,4298.189745476485
2024-01-10,28826.73071901445,3660.9712052457967
2024-01-11,31446.412222793188,4121.517923675263
2024-01-12,28803.398858446093,4232.351843350589
2024-01-13,32890.86121924616,3944.549324754844
2024-01-14,29276.617764405633,4261.813463861779
2024-01-15,30880.807645358156,4139.426003598303
2024-01-16,31944.517128456446,4544.263677700685
2024-01-17,30049.536592987006,4506.273730830612
2024-01-18,30939.28534158824,4084.2019420189504
2024-01-19,32584.86922876129,4148.918633613684
2024-01-20,31270.32584462759,4164.367349514959
2024-01-21,30952.32352835371,4085.6659649910716
2024-01-22,27872.87339236023,4219.079758996009
2024-01-23,29000.8217493902,4021.0326953987164
2024-01-24,31984.18449732124,3943.2547135559503
2024-01-25,31260.751407761112,4306.132022443919
2024-01-26,31485.405208181342,4306.992056625518
2024-01-27,31351.320026278634,4008.9409717323283
2024-01-28,32335.411096872867,4360.997593487221
2024-01-29,29987.60468266691,4043.4141670591125
2024-01-30,30559.860952196785,4226.44160042092
2024-01-31,28817.536179903487,4343.603449524097
2024-02-01,28434.898966906792,4165.513954997663
2024-02-02,27875.882952767977,4266.322572711478
2024-02-03,29017.905022566338,4063.7006053776227
2024-02-04,32702.56818693349,4129.497405084426
2024-02-05,27995.57858220868,4126.80079154545
2024-02-06,29881.76549127334,4013.5095399574975
2024-02-07,28376.673411149102,4131.352435419404
2024-02-08,29419.808062064236,3844.8863774554156
2024-02-09,30582.614821840543,4064.3410538564526
2024-02-10,29257.964325718807,4106.548016813395
2024-02-11,31967.691117284463,4111.762421952359
2024-02-12,32637.119861309322,4114.059643114261
2024-02-13,26888.974020477082,4150.790852465087
2024-02-14,29260.909514311377,4262.976676927812
2024-02-15,30382.650065697744,4344.737537454799
2024-02-16,31998.800046715987,4025.798188565208
2024-02-17,29591.72699748236,3909.4398214953644
2024-02-18,30246.737967680183,3942.3176680612974
2024-02-19,28512.41077486244,4057.506590738612
2024-02-20,27934.626304548136,4085.0657562571373
2024-02-21,32461.95211916436,3996.931778284837
2024-02-22,27479.89240449338,3886.1533656727433
2024-02-23,33798.99489755131,4061.1991516318044
2024-02-24,31352.600019048394,4193.994571511062
2024-02-25,31279.6262935358,4279.999244179044
2024-02-26,31116.30510704891,4038.0467630694284
2024-02-27,29849.482334214306,4067.6957966029167
2024-02-28,30828.898799356866,3959.4447511004237
2024-02-29,29938.678107626565,4146.554339452776
2024-03-01,31067.45497451508,3974.6981679156456
2024-03-02,30168.28103233192,4272.3955865579865
2024-03-03,28764.839167522798,3776.9135081402196
2024-03-04,28883.141960262463,4075.773419280041
2024-03-05,28706.027845531287,4214.100038784082
2024-03-06,31692.0032433619,4189.113925045097
2024-03-07,29260.885146206103,4716.038174785409
2024-03-08,27277.751508083813,4223.372684427351
2024-03-09,30808.17527773734,3938.456077554542
2024-03-10,32517.516255809147,4129.247449348222
2024-03-11,31381.39759113374,3775.4058828089087
2024-03-12,29272.20298205618,4131.981102504185
2024-03-13,27763.984703315993,3973.4267433604077
2024-03-14,29988.83064250494,4341.483386023328
2024-03-15,29950.06072820531,4032.88132456305
2024-03-16,28707.580809948515,4124.020187790321
2024-03-17,31039.54399006116,4014.6733906211557
2024-03-18,33028.52071291792,4515.356940927601
2024-03-19,30536.565854338492,4081.046952591365
2024-03-20,30442.80981411484,4535.604591294138
2024-03-21,28758.064914920233,4320.970391308799
2024-03-22,32346.67436772023,4251.144378428853
2024-03-23,30085.935074083834,4227.51750037416
2024-03-24,29313.591092945975,4233.15868687615
2024-03-25,30304.410084853454,3742.968937539491
2024-03-26,30935.594727163763,4091.7947213849293
2024-03-27,30427.08753895281,4329.925180569975
2024-03-28,32073.404764987597,4141.377080253079
2024-03-29,30811.914671792696,3854.953516689107
2024-03-30,29787.62939225863,4141.793939924984
2024-03-31,30848.022815773722,4514.34164999707
2024-04-01,31005.105817809366,4418.328370334937
2024-04-02,28241.571161560547,4141.870355570657
2024-04-03,32019.197551401445,4357.447971742352
2024-04-04,29788.335781783408,4078.977356393319
2024-04-05,29834.295550054372,3796.267285595268
2024-04-06,31426.2259458894,3962.4453090176926
2024-04-07,31427.466085129443,4491.186588544189
2024-04-08,29198.70586246162,4102.468736573607
2024-04-09,31530.217915444202,4110.06799479649
2024-04-10,29431.692940556688,4099.232646985264
2024-04-11,33120.46451414413,4568.681231339489
2024-04-12,29035.2126987835,4510.965663614196
2024-04-13,30696.419984985903,4638.429582783942
2024-04-14,29125.61405683688,4134.3049154721275
2024-04-15,33787.56933661817,4232.4470522687525
2024-04-16,28440.237543724084,3848.3276504280852
2024-04-17,31180.765284480876,4486.96103523666
2024-04-18,29241.184885279457,3925.540058744654
2024-04-19,29843.103474771444,4221.999930679163
2024-04-20,31107.64106675817,3943.744436651056
2024-04-21,32316.57147577468,4053.779558783281
2024-04-22,32949.07308990284,4002.5884561512826
2024-04-23,28058.28458173141,4053.3043496882124
2024-04-24,30873.29857356728,4069.8357489130417
2024-04-25,32738.486969707585,4069.804935252552
2024-04-26,27868.288779332095,4366.68149263412
2024-04-27,30989.98076595404,3954.9541372092117
2024-04-28,30513.52806035279,4240.07447328453
2024-04-29,31177.066992844295,4455.345751208315
2024-04-30,29347.238675092933,4087.6541389863964
2024-05-01,28331.196559052052,4046.1080798423377
2024-05-02,27604.08685297924,4152.5923553114435
2024-05-03,32118.92740814168,4456.603397191809
2024-05-04,32335.66591454384,4248.172264308942
2024-05-05,31105.55380995188,4095.372497025732
2024-05-06,29819.722129535407,4315.172972720828
2024-05-07,28140.47881916971,3978.007391277095
2024-05-08,31567.741862991727,4362.657382989001
2024-05-09,28991.366721912837,4306.867524576494
2024-05-10,29617.915813215386,4155.970198112397
2024-05-11,29831.935705943528,4044.8292832076686
2024-05-12,30459.005845124433,4037.2014388536118
2024-05-13,29602.25268073185,4344.955347359433
2024-05-14,30860.50430610731,4496.816068860521
2024-05-15,29857.344089133894,4099.040346389403
2024-05-16,31946.5539952527,4337.232364979228
2024-05-17,32483.790987018558,3793.322295817518
2024-05-18,31062.943562839206,4119.044130378392
2024-05-19,31638.887810177443,4241.015472654832
2024-05-20,34251.88072756542,4055.1066983472783
2024-05-21,29123.668241146454,4052.3475828261626
2024-05-22,29050.361330932108,4113.212581876702
2024-05-23,32093.665020897846,4322.931725329864
2024-05-24,34078.26615978544,4222.8655718465725
2024-05-25,30642.775424877087,3784.32027879191
2024-05-26,33782.26280998216,3812.709548369591
2024-05-27,31249.383391518943,4142.061083705731
2024-05-28,30053.586415113245,4374.7822904942195
2024-05-29,29590.965712561076,3686.9173553035516
2024-05-30,32158.10588051964,4174.918456825218
2024-05-31,29757.30161368558,4172.4959398118835
2024-06-01,31346.2801059381,4589.066805549912
2024-06-02,33731.41976667865,4209.641126072933
2024-06-03,30785.557302380876,4378.876561766734
2024-06-04,33358.69016009098,4330.080726785585
2024-06-05,29407.113413246225,3842.542471617671
2024-06-06,30502.378895809845,4472.481231169262
2024-06-07,29152.849387142818,4356.433666874594
2024-06-08,31507.526100944866,4423.253123017248
2024-06-09,32646.283702783127,5166.319107848622
2024-06-10,31561.51656009105,3869.151754569673
2024-06-11,33401.941713517415,4697.135271812096
2024-06-12,30312.838802104172,4264.950714359239
2024-06-13,31874.42676900881,4392.93993996881
2024-06-14,30712.58097959613,4324.319255348547
2024-06-15,32140.549568352406,4245.709344431806
2024-06-16,32390.33133914632,4217.60090925075
2024-06-17,32540.153214616905,4416.127779539415
2024-06-18,29955.476644605344,4018.952905052491
2024-06-19,30265.98502128225,4514.531605869442
2024-06-20,30583.913767256403,4264.7433826775905
2024-06-21,31344.46319396432,4113.151307354518
2024-06-22,31885.094536544693,4264.275179875131
2024-06-23,32892.2790601412,4638.677693322546
2024-06-24,30455.68953827719,4252.564799517187
2024-06-25,29288.71534343782,4450.305646552179
2024-06-26,35259.88657554937,4216.79275301819
2024-06-27,30080.36832727887,4544.086944330801
2024-06-28,33221.42663885947,4531.763839310355
2024-06-29,31970.755303115726,4788.393209061085
2024-06-30,32343.912680068697,4351.057396282575
2024-07-01,31967.387181699898,4538.280735135299
2024-07-02,31383.60192778234,4417.301002171439
2024-07-03,32753.918267696572,4681.683171070029
2024-07-04,31345.62586501678,4245.750165348432
2024-07-05,33916.57004874589,4568.212218421364
2024-07-06,32991.19522433195,4366.458775534801
2024-07-07,33064.1422687416,4398.114150368055
2024-07-08,31329.022376139113,4435.310368940454
2024-07-09,31781.883998057012,4473.4908245408715
2024-07-10,30291.524069735544,4396.117894725947
2024-07-11,31640.991631058663,4471.488441482983
2024-07-12,30575.50874446022,4772.535936604578
2024-07-13,34335.72361685969,4646.061008602548
2024-07-14,32348.309521546016,4623.656745356073
2024-07-15,32560.65212645198,4336.839742884385
2024-07-16,31951.632809494135,4244.79117249997
2024-07-17,32645.77296429226,4651.360593953248
2024-07-18,36279.68965096995,4636.8842382846215
2024-07-19,31893.194768319405,4770.398760356046
2024-07-20,31354.383862446786,4318.231218636669
2024-07-21,33256.0787582103,4402.946528537655
2024-07-22,28400.36701805346,4096.472878525994
2024-07-23,32551.475563931617,4372.441469119626
2024-07-24,31874.56671306075,4679.688080045686
2024-07-25,30901.5622516421,4361.223218023891
2024-07-26,33315.49352358976,4606.644728329171
2024-07-27,32608.24213367108,4426.6541161349105
2024-07-28,29658.087153111912,4542.03273252903
2024-07-29,31522.409475489112,4221.038799856289
2024-07-30,27953.064849698414,4494.193118283878
2024-07-31,33058.254826410826,3820.1456467699613
2024-08-01,33058.31107701582,4438.7795271787245
2024-08-02,31350.41762397095,4123.358856886516
2024-08-03,33500.48698656831,4749.44586150576
2024-08-04,30595.865137915218,4657.222090415361
2024-08-05,31115.94936323598,4590.836148348713
2024-08-06,33347.38205595436,4824.989406669765
2024-08-07,31588.12175949858,4282.840401389993
2024-08-08,32605.03485928936,4878.7613759621145
2024-08-09,31814.09373643108,4700.952118046599
2024-08-10,32071.35248293688,4445.018037289255
2024-08-11,32153.372022150095,4749.312237556393
2024-08-12,31619.644200398176,4256.35400136125
2024-08-13,33251.60983097889,4320.0162863375435
2024-08-14,31767.749109738616,4369.123008891921
2024-08-15,32812.346862095685,4388.101728913714
2024-08-16,31625.618036933323,4272.9092652714835
2024-08-17,30339.430651139326,4777.885089442066
2024-08-18,34283.95464509441,4451.687424399514
2024-08-19,33628.83147658902,4588.05832059849
2024-08-20,36517.44125080821,4385.143910225807
2024-08-21,31160.627921068666,4109.622414877471
2024-08-22,32512.673647047217,4573.210198060119
2024-08-23,32649.464785754757,4091.145890086024
2024-08-24,34457.825670910446,4500.194766414727
2024-08-25,32052.376578997173,4213.207850820055
2024-08-26,30987.599516341714,4957.424590288764
2024-08-27,34829.88674857733,4719.887095081828
2024-08-28,32376.04940368992,4542.078202423563
2024-08-29,34310.02004112267,4799.551006425337
2024-08-30,34126.9886645677,4332.19757626755
2024-08-31,32852.32420822615,4641.100556466558
2024-09-01,32622.785549764998,4565.37560488976
2024-09-02,32275.04844439206,4580.1137004474085
2024-09-03,32886.271493166896,4804.493311021466
2024-09-04,34309.04883313066,4685.009574163302
2024-09-05,31627.666369570197,4586.758706515305
2024-09-06,33093.86578868989,4154.995116435233
2024-09-07,31109.031272702803,4309.609510472736
2024-09-08,31311.327517104688,4495.963274340909
2024-09-09,32871.42868200725,4544.156402288965
2024-09-10,29747.032447155038,4271.9231958799755
2024-09-11,36261.029455834,5060.393268477638
2024-09-12,30988.57294514301,4861.169153320224
2024-09-13,32856.84355973843,4657.551015901523
2024-09-14,34815.653256866644,4539.376064468247
2024-09-15,31520.25496248955,4475.882841524139
2024-09-16,29182.145047382517,4310.761133795802
2024-09-17,32194.87863842845,4540.054560315519
2024-09-18,31494.767338268663,4580.012825518876
2024-09-19,29215.801216957225,4245.100204359199
2024-09-20,33373.3527498273,4596.463793524593
2024-09-21,33244.31854113242,4486.822879600714
2024-09-22,34761.73611347962,4094.9565717979135
2024-09-23,31078.947840457105,4328.4008910688
2024-09-24,30296.892888336824,4427.713493101495
2024-09-25,32232.510824776986,4941.640860381082
2024-09-26,32746.52924992234,4643.550241908546
2024-09-27,34386.11026697043,4219.785325119496
2024-09-28,35178.86063598329,4626.667630900891
2024-09-29,34855.52094113086,4170.962455565803
2024-09-30,33322.97570104632,4759.027195185198
2024-10-01,34170.5344759926,4410.431309790099
2024-10-02,31817.944103784386,4494.258155595059
2024-10-03,33131.55987503974,4811.599408581728
2024-10-04,30907.961739901963,4225.229423281821
2024-10-05,32948.12462540799,4199.717664809781
2024-10-06,32984.776022486236,4381.295628196642
2024-10-07,35646.18669705824,4744.344927811616
2024-10-08,32454.169877006738,4169.583551226265
2024-10-09,32969.17812852689,3873.9340271764027
2024-10-10,33203.11789127725,4407.552196117024
2024-10-11,32066.002946006014,4631.926864012967
2024-10-12,31490.854762183233,4776.799882456059
2024-10-13,34921.255344848534,4402.134030725515
2024-10-14,31185.159769796457,4412.83897786168
2024-10-15,30610.17156278055,4763.929029172967
2024-10-16,33890.75875584128,4082.923615469608
2024-10-17,34666.53619704858,4415.189722274054
2024-10-18,32024.231553165046,4544.561201843458
2024-10-19,32042.51181342333,4601.926124854358
2024-10-20,33213.527384878995,4385.050567059841
2024-10-21,31583.119316035343,4506.712968146696
2024-10-22,31455.004730256067,3937.295811900349
2024-10-23,34173.570480982344,4348.754852776775
2024-10-24,33720.30161407826,4598.492900723314
2024-10-25,34869.79872467828,4273.782887621973
2024-10-26,30654.165408142046,4507.761465994805
2024-10-27,31879.295870747486,4594.429120044115
2024-10-28,33160.300470401315,4415.382123550486
2024-10-29,31170.846373734585,4530.353600495636
2024-10-30,33740.93837304958,4273.557036517188
2024-10-31,34693.88782219205,4443.514831106928
2024-11-01,31714.547879671973,4627.310331265733
2024-11-02,32731.90979460503,4524.092150347726
2024-11-03,35058.65262577776,4355.190895091642
2024-11-04,35619.70211645636,4537.806600137851
2024-11-05,33880.328708129295,4648.061760439185
2024-11-06,33624.55493734618,4021.6551344579
2024-11-07,31235.170195039565,4747.40742574228
2024-11-08,33229.35775279903,4408.167733766205
2024-11-09,33550.80149832194,4580.0904562611795
2024-11-10,32281.379931857846,4754.411625837686
2024-11-11,31642.948068465048,4171.598766069306
2024-11-12,30505.792027277428,4321.12889801921
2024-11-13,29748.026898317636,4416.039691151352
2024-11-14,29396.727137954418,4303.195493406183
2024-11-15,33567.05816366988,4874.311858684378
2024-11-16,32851.067320816524,4285.672600321733
2024-11-17,31804.76793657504,4353.650374001161
2024-11-18,32054.003797029854,4525.899752088467
2024-11-19,32947.89003599019,4206.039269828136
2024-11-20,32325.79629687126,4389.000664071369
2024-11-21,30378.34330075625,4550.890582005649
2024-11-22,34106.359305596,4402.852991757187
2024-11-23,33097.82020155282,4457.178501611837
2024-11-24,33034.04794578056,4357.8913697832695
2024-11-25,33980.890431505206,4133.588203487936
2024-11-26,31245.19351069723,4551.523436432997
2024-11-27,34605.6305925335,4878.030910607616
2024-11-28,32362.34579226276,4482.645944174194
2024-11-29,34069.349838888695,4529.932410940146
2024-11-30,33815.461984143396,4636.695965242482
2024-12-01,30874.92668818744,4189.618071413789
2024-12-02,33435.72044380874,4867.634785651588
2024-12-03,33145.19049657265,4525.835268315031
2024-12-04,32656.651696606434,4852.475483785923
2024-12-05,32452.768845466053,4313.183759633716
2024-12-06,32470.447224791133,4896.157089621317
2024-12-07,33968.20736643654,4658.621164683195
2024-12-08,33582.60339882621,4608.53040632582
2024-12-09,32677.115302044993,4536.318273265386
2024-12-10,30149.28821129074,4426.732077162256
2024-12-11,33460.115640838674,4758.847476536987
2024-12-12,33847.87157100561,4517.246122754082
2024-12-13,36480.42772516527,4035.938773145812
2024-12-14,34447.82373632121,4231.259253348836
2024-12-15,29499.122242931448,4445.397720017243
2024-12-16,32801.963597921465,4559.984694711807
2024-12-17,35699.22888296398,4477.13376220113
2024-12-18,33727.6162267128,4770.57224841589
2024-12-19,33244.83725888516,4045.2696748768194
2024-12-20,34208.042050919146,4526.670036969201
2024-12-21,31676.70832092595,4078.1463842994744
2024-12-22,33523.89168568277,4670.75156637516
2024-12-23,32317.865756015373,4476.238950440733
2024-12-24,32714.32921026457,4595.733895976204
2024-12-25,34142.88015267709,4302.624445718719
2024-12-26,31221.159922569906,4796.449766771536
2024-12-27,34935.97564132976,4743.589699694887
2024-12-28,32087.818741137005,4640.096338696687
2024-12-29,33244.07789703541,4478.008490503508
2024-12-30,30477.63122025979,4642.953500539756
2024-12-31,34040.19638473947,4348.931671734131
2025-01-01,35271.5405954883,4710.310954365063
2025-01-02,32002.021825554963,4895.087372522221
2025-01-03,31018.92286412642,4764.001567180351
2025-01-04,33360.31987698336,4351.65440374443
2025-01-05,35349.09450173192,4605.078196523012
2025-01-06,30495.173165279997,4226.110783191114
2025-01-07,31087.30079396157,4658.249611592218
2025-01-08,32197.878103202835,4632.540258665806
2025-01-09,31600.451313714373,4099.85626702283
2025-01-10,31623.053132533896,4265.484508617523
2025-01-11,29496.350221037115,4470.623546441423
2025-01-12,34020.94680179388,4469.046165145832
2025-01-13,33619.37717629871,4261.835612286231
2025-01-14,30214.002832712973,4633.522801172504
2025-01-15,35538.742970193205,4604.460750481413
2025-01-16,35935.79621133125,4504.203232718537
2025-01-17,31865.61869129495,4377.1715665212305
2025-01-18,35112.22396538182,4797.1358331809215
2025-01-19,32205.611935412202,4940.372482961449
2025-01-20,33496.1181283982,4448.5673156576095
2025-01-21,31805.04560416958,4421.718162830402
2025-01-22,36964.505958598296,4680.0552622757195
2025-01-23,32757.488930389056,4486.485000095137
2025-01-24,33491.744849120645,4540.158952319063
2025-01-25,32141.249392960694,4746.896457918009
2025-01-26,36463.23939839749,4136.221713763955
2025-01-27,36529.91749433511,4887.436175954731
2025-01-28,36122.70157429538,4601.9153436443175
2025-01-29,35008.53462417093,4492.866610798066
2025-01-30,32362.916173017842,4570.876997684183
2025-01-31,34840.1594026481,4586.165733600361
2025-02-01,33454.308377825706,4196.353843598016
2025-02-02,35708.60183881093,4948.705502356635
2025-02-03,35401.73950094743,4614.574234822014
2025-02-04,32442.395055443,4711.316719432736
2025-02-05,35168.46774543354,4832.9741354453545
2025-02-06,34744.466665890635,4377.919912169951
2025-02-07,28922.029163344996,4728.888573690291
2025-02-08,34997.3491780056,4560.049562442154
2025-02-09,32935.9894020831,4822.843961153073
2025-02-10,32192.188447869743,4134.310685134336
2025-02-11,32290.19089522875,4609.875645812987
2025-02-12,33515.78458922622,4496.150488834381
2025-02-13,34584.988649537096,4740.806087380058
2025-02-14,31481.914484926063,4753.245082988277
2025-02-15,34145.77597356171,4482.424946785463
2025-02-16,34828.75910899582,4484.9463619704275
2025-02-17,37036.50771302312,4628.805006100896
2025-02-18,32075.262136803158,4449.10389558371
2025-02-19,33336.01459786174,4858.364224571613
2025-02-20,34400.791347319086,4579.38925156322
2025-02-21,35932.546532767556,3990.5491572154733
2025-02-22,33492.48727299993,4585.344222922154
2025-02-23,36074.007054042195,4433.936194096051
2025-02-24,30768.118668671304,4299.025841662818
2025-02-25,31957.336403717392,4394.624082825517
2025-02-26,34709.183944858756,4713.071879967332
2025-02-27,31741.16535463121,5001.851683748093
2025-02-28,32169.345288471362,4768.034030946734
2025-03-01,33296.50538089763,4556.481701956861
2025-03-02,35535.78886133373,4808.724411163806
2025-03-03,31017.18571740448,4598.136244265012
2025-03-04,34564.292340402186,4546.543225735122
2025-03-05,36061.21637343556,4442.371394103649
2025-03-06,33993.51787359189,4305.855077756225
2025-03-07,33722.586014700835,4628.502007949469
2025-03-08,35063.02517893514,4760.47942097477
2025-03-09,34075.04355804683,4704.267544452019
2025-03-10,36802.413278897795,4632.830298110381
2025-03-11,32555.37401182652,4511.947475063958
2025-03-12,34390.297659911696,4880.08100914868
2025-03-13,34854.836705754264,4431.473081644492
2025-03-14,33881.0981986495,4926.363519265759
2025-03-15,29643.13365780328,4512.02097091024
2025-03-16,34301.452979298316,4573.978237661508
2025-03-17,36140.626252256654,4409.312925126785
2025-03-18,35955.939392458684,4639.464227118674
2025-03-19,35255.21443993342,4989.970491786393
2025-03-20,32791.4360530124,4885.089963208788
2025-03-21,35371.26753970138,4997.192492498054
2025-03-22,33734.574225593264,4892.980475271931
2025-03-23,35345.20094647561,4513.297583237287
2025-03-24,34969.92193820717,4698.303664585437
2025-03-25,33109.426872565135,4595.415506784475
2025-03-26,33274.49020748979,5095.745550255915
2025-03-27,35435.5257232786,4503.00768406657
2025-03-28,34467.98778868862,4998.721955472786
2025-03-29,33425.70317642038,5001.445178696386
2025-03-30,33303.893066885736,5225.27749131396
2025-03-31,34386.599421694365,4699.70027950654
2025-04-01,37622.127163104495,4967.22840402283
2025-04-02,34043.34822048604,5340.479305761996
2025-04-03,34942.273122323175,4658.462501036078
2025-04-04,35159.74642359429,4444.239069202836
2025-04-05,33057.89772536272,4365.119420021638
2025-04-06,31988.23328106803,4980.331467126394
2025-04-07,33271.793348515486,4368.984141689699
2025-04-08,35480.983290300544,4728.549139446206
2025-04-09,35222.757693265106,4922.368662892369
2025-04-10,36298.51619355408,4864.972521660227
2025-04-11,35271.332273458676,4924.0502300187145
2025-04-12,34931.390613959426,4878.108963831035
2025-04-13,34094.10343236551,5130.453951426923
2025-04-14,36675.36875445657,4603.955867414641
2025-04-15,33578.960332509625,4671.106109383239
2025-04-16,33262.51146247475,4650.293861862473
2025-04-17,36170.33781258828,5032.158624622892
2025-04-18,32903.45541303445,5050.661028282972
2025-04-19,39387.12733651836,4945.892030094961
2025-04-20,35367.837897257305,5121.3806682496215
2025-04-21,35842.54456826352,4562.492400239893
2025-04-22,33855.75001833467,5239.5828124762265
2025-04-23,34718.79884042497,5206.998382722297
2025-04-24,34536.37457057013,5021.4205137354975
2025-04-25,34347.21108738369,5271.477725849517
2025-04-26,36389.13170785139,4455.557276814598
2025-04-27,34525.22861236623,4725.925129888081
2025-04-28,37073.430469038074,4676.947001562917
2025-04-29,39931.885570818136,5024.637373325831
2025-04-30,34816.46434950756,4604.16334648199
2025-05-01,35599.752609932584,5035.428346723558
2025-05-02,36000.58772688168,5182.425034189177
2025-05-03,38489.83138578399,5022.578945427416
2025-05-04,35212.51163811871,4925.453720190291
2025-05-05,33923.726521806195,4623.224986964444
2025-05-06,33169.97700434395,4657.5161956740785
2025-05-07,35271.35302767472,5158.03833665302
2025-05-08,34598.18217711663,5046.581430435576
2025-05-09,38870.85294743478,4851.956184341887
2025-05-10,38458.449349879986,4762.045686564851
2025-05-11,33590.64370159247,4378.649576881359
2025-05-12,34155.45785593108,4606.939817241317
2025-05-13,35521.41640456833,5319.5173582148245
2025-05-14,37824.83543430239,4557.360806191768
2025-05-15,35496.217749041374,4908.79784738232
2025-05-16,34272.35269552403,5104.52718030012
2025-05-17,35296.92228347523,4563.7713869242125
2025-05-18,34305.95978209486,4908.099260779572
2025-05-19,36449.28990593321,5088.343921773187
2025-05-20,34165.167012024605,4866.926836171604
2025-05-21,34510.33762746952,5550.499209963016
2025-05-22,37423.676680583434,4464.218824409151
2025-05-23,34058.21318092254,5117.1682797044505
2025-05-24,32874.5364486658,4821.984214399346
2025-05-25,35559.92046644056,5048.114574531502
2025-05-26,34763.17266302419,4968.616032908584
2025-05-27,36282.047336453754,4686.6948821231235
2025-05-28,35940.946696995576,4917.0262589577105
2025-05-29,35327.934018601554,4415.949533953263
2025-05-30,35273.651665250916,5005.974346843787
2025-05-31,34091.00567447761,4932.273979073776
2025-06-01,35518.27055378395,5013.506540946491
2025-06-02,36908.88167645562,5113.71062066733
2025-06-03,33661.82369014221,4947.277075595142
2025-06-04,35349.70290782254,4893.894281384843
2025-06-05,37170.77344311308,4645.835183676403
2025-06-06,36233.389021446485,4685.656261821997
2025-06-07,37635.61216244704,5141.572176219198
2025-06-08,34343.03266592504,5200.919452491254
2025-06-09,32125.519926529723,4797.268524213665
2025-06-10,35677.36823478537,4864.806005225906
2025-06-11,35954.94423354208,4635.065558208965
2025-06-12,37711.784850037315,5134.4337548635585
2025-06-13,37389.75381403957,5011.3823813731615
2025-06-14,36241.12145936614,5317.9297720801715
2025-06-15,36635.581098804716,4637.489400430839
2025-06-16,34949.19808325077,4757.090710417402
2025-06-17,33138.74955537303,4903.062206250041
2025-06-18,35478.01522504742,5002.1994293695025
2025-06-19,36989.55320553173,4793.182347722288
2025-06-20,36409.46452230471,4633.485697434096
2025-06-21,36714.00650140833,5055.956505529505
2025-06-22,34489.31621560747,5016.256214091183
2025-06-23,34766.57645436908,4619.692551318026
2025-06-24,36075.855237417476,5167.494648874445
2025-06-25,34256.47465678621,5121.736203135883
2025-06-26,34302.53895251776,4870.284979380862
2025-06-27,35726.61588357348,4855.984271677807
2025-06-28,36533.89619128414,4969.680113307244
2025-06-29,34834.990037076204,4626.063099420601
2025-06-30,33129.481532897145,4840.756846128154
2025-07-01,33874.14576127805,4311.312628002513
2025-07-02,35521.83021073289,5043.587701584547
